__time,/pez/service_rtt_magnet/call_id,/pez/service_rtt_magnet/request_stamp/nanosec,/pez/service_rtt_magnet/request_stamp/sec,/pez/service_rtt_magnet/response_stamp/nanosec,/pez/service_rtt_magnet/response_stamp/sec,/pez/service_rtt_magnet/rtt/nanosec,/pez/service_rtt_magnet/rtt/sec,/pez/service_rtt_magnet/success,/pez/service_rtt_neutral/call_id,/pez/service_rtt_neutral/request_stamp/nanosec,/pez/service_rtt_neutral/request_stamp/sec,/pez/service_rtt_neutral/response_stamp/nanosec,/pez/service_rtt_neutral/response_stamp/sec,/pez/service_rtt_neutral/rtt/nanosec,/pez/service_rtt_neutral/rtt/sec,/pez/service_rtt_neutral/success,/pez/service_rtt_start/call_id,/pez/service_rtt_start/request_stamp/nanosec,/pez/service_rtt_start/request_stamp/sec,/pez/service_rtt_start/response_stamp/nanosec,/pez/service_rtt_start/response_stamp/sec,/pez/service_rtt_start/rtt/nanosec,/pez/service_rtt_start/rtt/sec,/pez/service_rtt_start/success,/pez/service_rtt_stop/call_id,/pez/service_rtt_stop/request_stamp/nanosec,/pez/service_rtt_stop/request_stamp/sec,/pez/service_rtt_stop/response_stamp/nanosec,/pez/service_rtt_stop/response_stamp/sec,/pez/service_rtt_stop/rtt/nanosec,/pez/service_rtt_stop/rtt/sec,/pez/service_rtt_stop/success,rt_ms_stop,rtt_ms_magnet,rtt_ms_neutral,rtt_ms_start
1753950819.386133,11.000000000,997338448.000000000,1753950818.000000000,9091510.000000000,1753950819.000000000,11753062.000000000,0.000000000,1.000000000,,,,,,,,,,,,,,,,,,,,,,,,,,11.753062000,,
1753950819.886056,,,,,,,,,12.000000000,497320129.000000000,1753950819.000000000,509188680.000000000,1753950819.000000000,11868551.000000000,0.000000000,1.000000000,,,,,,,,,,,,,,,,,,,11.868551000,
1753950820.885555,13.000000000,497296041.000000000,1753950820.000000000,508521788.000000000,1753950820.000000000,11225747.000000000,0.000000000,1.000000000,,,,,,,,,,,,,,,,,,,,,,,,,,11.225747000,,
1753950821.425032,,,,,,,,,,,,,,,,,,,,,,,,,14.000000000,997338754.000000000,1753950820.000000000,47463042.000000000,1753950821.000000000,50124288.000000000,0.000000000,1.000000000,50.124288000,,,
1753950821.886327,,,,,,,,,,,,,,,,,15.000000000,497233722.000000000,1753950821.000000000,508748242.000000000,1753950821.000000000,11514520.000000000,0.000000000,1.000000000,,,,,,,,,,,,11.514520000
1753950822.385291,16.000000000,997292429.000000000,1753950821.000000000,6889168.000000000,1753950822.000000000,9596739.000000000,0.000000000,1.000000000,,,,,,,,,,,,,,,,,,,,,,,,,,9.596739000,,
1753950822.885357,,,,,,,,,17.000000000,497278432.000000000,1753950822.000000000,507726563.000000000,1753950822.000000000,10448131.000000000,0.000000000,1.000000000,,,,,,,,,,,,,,,,,,,10.448131000,
1753950823.885148,18.000000000,497381156.000000000,1753950823.000000000,508033883.000000000,1753950823.000000000,10652727.000000000,0.000000000,1.000000000,,,,,,,,,,,,,,,,,,,,,,,,,,10.652727000,,
1753950824.425070,,,,,,,,,,,,,,,,,,,,,,,,,19.000000000,997193393.000000000,1753950823.000000000,47477764.000000000,1753950824.000000000,50284371.000000000,0.000000000,1.000000000,50.284371000,,,
1753950824.884890,,,,,,,,,,,,,,,,,20.000000000,497353784.000000000,1753950824.000000000,507289316.000000000,1753950824.000000000,9935532.000000000,0.000000000,1.000000000,,,,,,,,,,,,9.935532000
1753950825.386783,21.000000000,997366227.000000000,1753950824.000000000,9536268.000000000,1753950825.000000000,12170041.000000000,0.000000000,1.000000000,,,,,,,,,,,,,,,,,,,,,,,,,,12.170041000,,
1753950825.885055,,,,,,,,,22.000000000,497321849.000000000,1753950825.000000000,507146193.000000000,1753950825.000000000,9824344.000000000,0.000000000,1.000000000,,,,,,,,,,,,,,,,,,,9.824344000,
1753950826.887895,23.000000000,497265670.000000000,1753950826.000000000,510686310.000000000,1753950826.000000000,13420640.000000000,0.000000000,1.000000000,,,,,,,,,,,,,,,,,,,,,,,,,,13.420640000,,
1753950827.425535,,,,,,,,,,,,,,,,,,,,,,,,,24.000000000,997469823.000000000,1753950826.000000000,47198974.000000000,1753950827.000000000,49729151.000000000,0.000000000,1.000000000,49.729151000,,,
1753950827.885338,,,,,,,,,,,,,,,,,25.000000000,497318845.000000000,1753950827.000000000,507693183.000000000,1753950827.000000000,10374338.000000000,0.000000000,1.000000000,,,,,,,,,,,,10.374338000
1753950828.387151,26.000000000,997277607.000000000,1753950827.000000000,10134528.000000000,1753950828.000000000,12856921.000000000,0.000000000,1.000000000,,,,,,,,,,,,,,,,,,,,,,,,,,12.856921000,,
1753950828.884698,,,,,,,,,27.000000000,497403899.000000000,1753950828.000000000,506658602.000000000,1753950828.000000000,9254703.000000000,0.000000000,1.000000000,,,,,,,,,,,,,,,,,,,9.254703000,
1753950829.885325,28.000000000,497274823.000000000,1753950829.000000000,507947251.000000000,1753950829.000000000,10672428.000000000,0.000000000,1.000000000,,,,,,,,,,,,,,,,,,,,,,,,,,10.672428000,,
1753950830.425425,,,,,,,,,,,,,,,,,,,,,,,,,29.000000000,997359376.000000000,1753950829.000000000,47020470.000000000,1753950830.000000000,49661094.000000000,0.000000000,1.000000000,49.661094000,,,
1753950830.885601,,,,,,,,,,,,,,,,,30.000000000,497265683.000000000,1753950830.000000000,508363063.000000000,1753950830.000000000,11097380.000000000,0.000000000,1.000000000,,,,,,,,,,,,11.097380000
1753950831.386141,31.000000000,997323902.000000000,1753950830.000000000,9167686.000000000,1753950831.000000000,11843784.000000000,0.000000000,1.000000000,,,,,,,,,,,,,,,,,,,,,,,,,,11.843784000,,
1753950831.903488,,,,,,,,,32.000000000,497332820.000000000,1753950831.000000000,505830937.000000000,1753950831.000000000,8498117.000000000,0.000000000,1.000000000,,,,,,,,,,,,,,,,,,,8.498117000,
1753950832.887364,33.000000000,497366829.000000000,1753950832.000000000,510041330.000000000,1753950832.000000000,12674501.000000000,0.000000000,1.000000000,,,,,,,,,,,,,,,,,,,,,,,,,,12.674501000,,
1753950833.426136,,,,,,,,,,,,,,,,,,,,,,,,,34.000000000,997277209.000000000,1753950832.000000000,48586583.000000000,1753950833.000000000,51309374.000000000,0.000000000,1.000000000,51.309374000,,,
1753950833.884042,,,,,,,,,,,,,,,,,35.000000000,497228096.000000000,1753950833.000000000,505995053.000000000,1753950833.000000000,8766957.000000000,0.000000000,1.000000000,,,,,,,,,,,,8.766957000
1753950834.385948,36.000000000,997179011.000000000,1753950833.000000000,8808200.000000000,1753950834.000000000,11629189.000000000,0.000000000,1.000000000,,,,,,,,,,,,,,,,,,,,,,,,,,11.629189000,,
1753950834.887110,,,,,,,,,37.000000000,497271960.000000000,1753950834.000000000,505917423.000000000,1753950834.000000000,8645463.000000000,0.000000000,1.000000000,,,,,,,,,,,,,,,,,,,8.645463000,
1753950835.885263,38.000000000,497228911.000000000,1753950835.000000000,507931451.000000000,1753950835.000000000,10702540.000000000,0.000000000,1.000000000,,,,,,,,,,,,,,,,,,,,,,,,,,10.702540000,,
1753950836.425011,,,,,,,,,,,,,,,,,,,,,,,,,39.000000000,997352059.000000000,1753950835.000000000,47098876.000000000,1753950836.000000000,49746817.000000000,0.000000000,1.000000000,49.746817000,,,
1753950836.889023,,,,,,,,,,,,,,,,,40.000000000,497243799.000000000,1753950836.000000000,509401322.000000000,1753950836.000000000,12157523.000000000,0.000000000,1.000000000,,,,,,,,,,,,12.157523000
1753950837.385640,41.000000000,997351509.000000000,1753950836.000000000,7991202.000000000,1753950837.000000000,10639693.000000000,0.000000000,1.000000000,,,,,,,,,,,,,,,,,,,,,,,,,,10.639693000,,
1753950837.884517,,,,,,,,,42.000000000,497199074.000000000,1753950837.000000000,506472773.000000000,1753950837.000000000,9273699.000000000,0.000000000,1.000000000,,,,,,,,,,,,,,,,,,,9.273699000,
1753950838.883914,43.000000000,497065549.000000000,1753950838.000000000,507213599.000000000,1753950838.000000000,10148050.000000000,0.000000000,1.000000000,,,,,,,,,,,,,,,,,,,,,,,,,,10.148050000,,
1753950839.425078,,,,,,,,,,,,,,,,,,,,,,,,,44.000000000,997262746.000000000,1753950838.000000000,46896568.000000000,1753950839.000000000,49633822.000000000,0.000000000,1.000000000,49.633822000,,,
1753950839.885920,,,,,,,,,,,,,,,,,45.000000000,497081652.000000000,1753950839.000000000,508126811.000000000,1753950839.000000000,11045159.000000000,0.000000000,1.000000000,,,,,,,,,,,,11.045159000
1753950840.384530,46.000000000,997289182.000000000,1753950839.000000000,7420341.000000000,1753950840.000000000,10131159.000000000,0.000000000,1.000000000,,,,,,,,,,,,,,,,,,,,,,,,,,10.131159000,,
1753950840.884564,,,,,,,,,47.000000000,497275894.000000000,1753950840.000000000,506775281.000000000,1753950840.000000000,9499387.000000000,0.000000000,1.000000000,,,,,,,,,,,,,,,,,,,9.499387000,
1753950841.885426,48.000000000,497355153.000000000,1753950841.000000000,507911240.000000000,1753950841.000000000,10556087.000000000,0.000000000,1.000000000,,,,,,,,,,,,,,,,,,,,,,,,,,10.556087000,,
1753950842.425167,,,,,,,,,,,,,,,,,,,,,,,,,49.000000000,997104103.000000000,1753950841.000000000,47112671.000000000,1753950842.000000000,50008568.000000000,0.000000000,1.000000000,50.008568000,,,
1753950842.884148,,,,,,,,,,,,,,,,,50.000000000,497276226.000000000,1753950842.000000000,506481015.000000000,1753950842.000000000,9204789.000000000,0.000000000,1.000000000,,,,,,,,,,,,9.204789000
1753950843.384396,51.000000000,997269338.000000000,1753950842.000000000,7437646.000000000,1753950843.000000000,10168308.000000000,0.000000000,1.000000000,,,,,,,,,,,,,,,,,,,,,,,,,,10.168308000,,
1753950843.884262,,,,,,,,,52.000000000,497358923.000000000,1753950843.000000000,506626137.000000000,1753950843.000000000,9267214.000000000,0.000000000,1.000000000,,,,,,,,,,,,,,,,,,,9.267214000,
1753950844.885451,53.000000000,497082565.000000000,1753950844.000000000,508168602.000000000,1753950844.000000000,11086037.000000000,0.000000000,1.000000000,,,,,,,,,,,,,,,,,,,,,,,,,,11.086037000,,
1753950845.426411,,,,,,,,,,,,,,,,,,,,,,,,,54.000000000,997296688.000000000,1753950844.000000000,48811858.000000000,1753950845.000000000,51515170.000000000,0.000000000,1.000000000,51.515170000,,,
1753950845.885617,,,,,,,,,,,,,,,,,55.000000000,497040055.000000000,1753950845.000000000,508024617.000000000,1753950845.000000000,10984562.000000000,0.000000000,1.000000000,,,,,,,,,,,,10.984562000
1753950846.385837,56.000000000,997155866.000000000,1753950845.000000000,7406972.000000000,1753950846.000000000,10251106.000000000,0.000000000,1.000000000,,,,,,,,,,,,,,,,,,,,,,,,,,10.251106000,,
1753950846.884049,,,,,,,,,57.000000000,497258430.000000000,1753950846.000000000,506412786.000000000,1753950846.000000000,9154356.000000000,0.000000000,1.000000000,,,,,,,,,,,,,,,,,,,9.154356000,
1753950847.886094,58.000000000,497191463.000000000,1753950847.000000000,507712291.000000000,1753950847.000000000,10520828.000000000,0.000000000,1.000000000,,,,,,,,,,,,,,,,,,,,,,,,,,10.520828000,,
1753950848.426408,,,,,,,,,,,,,,,,,,,,,,,,,59.000000000,997312523.000000000,1753950847.000000000,48813382.000000000,1753950848.000000000,51500859.000000000,0.000000000,1.000000000,51.500859000,,,
1753950848.886403,,,,,,,,,,,,,,,,,60.000000000,497151304.000000000,1753950848.000000000,508061253.000000000,1753950848.000000000,10909949.000000000,0.000000000,1.000000000,,,,,,,,,,,,10.909949000
1753950849.389874,61.000000000,997190715.000000000,1753950848.000000000,12487964.000000000,1753950849.000000000,15297249.000000000,0.000000000,1.000000000,,,,,,,,,,,,,,,,,,,,,,,,,,15.297249000,,
1753950849.885771,,,,,,,,,62.000000000,497191316.000000000,1753950849.000000000,507994863.000000000,1753950849.000000000,10803547.000000000,0.000000000,1.000000000,,,,,,,,,,,,,,,,,,,10.803547000,
1753950850.886606,63.000000000,497135478.000000000,1753950850.000000000,509116147.000000000,1753950850.000000000,11980669.000000000,0.000000000,1.000000000,,,,,,,,,,,,,,,,,,,,,,,,,,11.980669000,,
1753950851.425073,,,,,,,,,,,,,,,,,,,,,,,,,64.000000000,997207258.000000000,1753950850.000000000,47538708.000000000,1753950851.000000000,50331450.000000000,0.000000000,1.000000000,50.331450000,,,
1753950851.884489,,,,,,,,,,,,,,,,,65.000000000,497138667.000000000,1753950851.000000000,507315441.000000000,1753950851.000000000,10176774.000000000,0.000000000,1.000000000,,,,,,,,,,,,10.176774000
1753950852.386844,66.000000000,997247844.000000000,1753950851.000000000,9338299.000000000,1753950852.000000000,12090455.000000000,0.000000000,1.000000000,,,,,,,,,,,,,,,,,,,,,,,,,,12.090455000,,
1753950852.884114,,,,,,,,,67.000000000,497228572.000000000,1753950852.000000000,506317397.000000000,1753950852.000000000,9088825.000000000,0.000000000,1.000000000,,,,,,,,,,,,,,,,,,,9.088825000,
1753950853.886007,68.000000000,497049820.000000000,1753950853.000000000,508568152.000000000,1753950853.000000000,11518332.000000000,0.000000000,1.000000000,,,,,,,,,,,,,,,,,,,,,,,,,,11.518332000,,
1753950854.425653,,,,,,,,,,,,,,,,,,,,,,,,,69.000000000,997266702.000000000,1753950853.000000000,46612503.000000000,1753950854.000000000,49345801.000000000,0.000000000,1.000000000,49.345801000,,,
1753950854.883053,,,,,,,,,,,,,,,,,70.000000000,497205955.000000000,1753950854.000000000,505407328.000000000,1753950854.000000000,8201373.000000000,0.000000000,1.000000000,,,,,,,,,,,,8.201373000
1753950855.384914,71.000000000,997264576.000000000,1753950854.000000000,6376823.000000000,1753950855.000000000,9112247.000000000,0.000000000,1.000000000,,,,,,,,,,,,,,,,,,,,,,,,,,9.112247000,,
1753950855.884200,,,,,,,,,72.000000000,497381129.000000000,1753950855.000000000,506540421.000000000,1753950855.000000000,9159292.000000000,0.000000000,1.000000000,,,,,,,,,,,,,,,,,,,9.159292000,
1753950856.886232,73.000000000,497419465.000000000,1753950856.000000000,509031374.000000000,1753950856.000000000,11611909.000000000,0.000000000,1.000000000,,,,,,,,,,,,,,,,,,,,,,,,,,11.611909000,,
1753950857.425715,,,,,,,,,,,,,,,,,,,,,,,,,74.000000000,997273883.000000000,1753950856.000000000,46898195.000000000,1753950857.000000000,49624312.000000000,0.000000000,1.000000000,49.624312000,,,
1753950857.884454,,,,,,,,,,,,,,,,,75.000000000,497136410.000000000,1753950857.000000000,506563267.000000000,1753950857.000000000,9426857.000000000,0.000000000,1.000000000,,,,,,,,,,,,9.426857000
1753950858.385851,76.000000000,997192137.000000000,1753950857.000000000,7976633.000000000,1753950858.000000000,10784496.000000000,0.000000000,1.000000000,,,,,,,,,,,,,,,,,,,,,,,,,,10.784496000,,
1753950858.883718,,,,,,,,,77.000000000,497246287.000000000,1753950858.000000000,506563901.000000000,1753950858.000000000,9317614.000000000,0.000000000,1.000000000,,,,,,,,,,,,,,,,,,,9.317614000,
1753950859.884790,78.000000000,497190970.000000000,1753950859.000000000,507579943.000000000,1753950859.000000000,10388973.000000000,0.000000000,1.000000000,,,,,,,,,,,,,,,,,,,,,,,,,,10.388973000,,
1753950860.425761,,,,,,,,,,,,,,,,,,,,,,,,,79.000000000,997190140.000000000,1753950859.000000000,46947173.000000000,1753950860.000000000,49757033.000000000,0.000000000,1.000000000,49.757033000,,,
1753950860.884089,,,,,,,,,,,,,,,,,80.000000000,497388855.000000000,1753950860.000000000,506348173.000000000,1753950860.000000000,8959318.000000000,0.000000000,1.000000000,,,,,,,,,,,,8.959318000
1753950861.385892,81.000000000,997209259.000000000,1753950860.000000000,8297134.000000000,1753950861.000000000,11087875.000000000,0.000000000,1.000000000,,,,,,,,,,,,,,,,,,,,,,,,,,11.087875000,,
1753950861.883990,,,,,,,,,82.000000000,497176979.000000000,1753950861.000000000,507118717.000000000,1753950861.000000000,9941738.000000000,0.000000000,1.000000000,,,,,,,,,,,,,,,,,,,9.941738000,
1753950862.883370,83.000000000,497152274.000000000,1753950862.000000000,506442727.000000000,1753950862.000000000,9290453.000000000,0.000000000,1.000000000,,,,,,,,,,,,,,,,,,,,,,,,,,9.290453000,,
1753950863.424848,,,,,,,,,,,,,,,,,,,,,,,,,84.000000000,997297832.000000000,1753950862.000000000,46264236.000000000,1753950863.000000000,48966404.000000000,0.000000000,1.000000000,48.966404000,,,
1753950863.883105,,,,,,,,,,,,,,,,,85.000000000,497022135.000000000,1753950863.000000000,504966294.000000000,1753950863.000000000,7944159.000000000,0.000000000,1.000000000,,,,,,,,,,,,7.944159000
1753950864.386278,86.000000000,997356596.000000000,1753950863.000000000,9261593.000000000,1753950864.000000000,11904997.000000000,0.000000000,1.000000000,,,,,,,,,,,,,,,,,,,,,,,,,,11.904997000,,
1753950864.885664,,,,,,,,,87.000000000,497243968.000000000,1753950864.000000000,507732993.000000000,1753950864.000000000,10489025.000000000,0.000000000,1.000000000,,,,,,,,,,,,,,,,,,,10.489025000,
1753950865.885648,88.000000000,497109558.000000000,1753950865.000000000,508292748.000000000,1753950865.000000000,11183190.000000000,0.000000000,1.000000000,,,,,,,,,,,,,,,,,,,,,,,,,,11.183190000,,
1753950866.427228,,,,,,,,,,,,,,,,,,,,,,,,,89.000000000,997298001.000000000,1753950865.000000000,46820941.000000000,1753950866.000000000,49522940.000000000,0.000000000,1.000000000,49.522940000,,,
1753950866.883187,,,,,,,,,,,,,,,,,90.000000000,497324498.000000000,1753950866.000000000,505476375.000000000,1753950866.000000000,8151877.000000000,0.000000000,1.000000000,,,,,,,,,,,,8.151877000
1753950867.385806,91.000000000,997227055.000000000,1753950866.000000000,7100051.000000000,1753950867.000000000,9872996.000000000,0.000000000,1.000000000,,,,,,,,,,,,,,,,,,,,,,,,,,9.872996000,,
1753950867.887852,,,,,,,,,92.000000000,497210718.000000000,1753950867.000000000,510110989.000000000,1753950867.000000000,12900271.000000000,0.000000000,1.000000000,,,,,,,,,,,,,,,,,,,12.900271000,
1753950868.883933,93.000000000,497299151.000000000,1753950868.000000000,505392698.000000000,1753950868.000000000,8093547.000000000,0.000000000,1.000000000,,,,,,,,,,,,,,,,,,,,,,,,,,8.093547000,,
1753950869.425683,,,,,,,,,,,,,,,,,,,,,,,,,94.000000000,997333086.000000000,1753950868.000000000,48079527.000000000,1753950869.000000000,50746441.000000000,0.000000000,1.000000000,50.746441000,,,
1753950869.883225,,,,,,,,,,,,,,,,,95.000000000,497110364.000000000,1753950869.000000000,505505321.000000000,1753950869.000000000,8394957.000000000,0.000000000,1.000000000,,,,,,,,,,,,8.394957000
1753950870.385541,96.000000000,997264898.000000000,1753950869.000000000,6907530.000000000,1753950870.000000000,9642632.000000000,0.000000000,1.000000000,,,,,,,,,,,,,,,,,,,,,,,,,,9.642632000,,
1753950870.883837,,,,,,,,,97.000000000,497427075.000000000,1753950870.000000000,506107629.000000000,1753950870.000000000,8680554.000000000,0.000000000,1.000000000,,,,,,,,,,,,,,,,,,,8.680554000,
1753950871.889388,98.000000000,497289496.000000000,1753950871.000000000,511442707.000000000,1753950871.000000000,14153211.000000000,0.000000000,1.000000000,,,,,,,,,,,,,,,,,,,,,,,,,,14.153211000,,
1753950872.425615,,,,,,,,,,,,,,,,,,,,,,,,,99.000000000,997172156.000000000,1753950871.000000000,47885969.000000000,1753950872.000000000,50713813.000000000,0.000000000,1.000000000,50.713813000,,,
1753950872.884336,,,,,,,,,,,,,,,,,100.000000000,497093144.000000000,1753950872.000000000,506601775.000000000,1753950872.000000000,9508631.000000000,0.000000000,1.000000000,,,,,,,,,,,,9.508631000
1753950873.387852,101.000000000,997202578.000000000,1753950872.000000000,10287975.000000000,1753950873.000000000,13085397.000000000,0.000000000,1.000000000,,,,,,,,,,,,,,,,,,,,,,,,,,13.085397000,,
1753950873.884254,,,,,,,,,102.000000000,497326403.000000000,1753950873.000000000,506538876.000000000,1753950873.000000000,9212473.000000000,0.000000000,1.000000000,,,,,,,,,,,,,,,,,,,9.212473000,
1753950874.891749,103.000000000,497323825.000000000,1753950874.000000000,506799301.000000000,1753950874.000000000,9475476.000000000,0.000000000,1.000000000,,,,,,,,,,,,,,,,,,,,,,,,,,9.475476000,,
1753950875.425817,,,,,,,,,,,,,,,,,,,,,,,,,104.000000000,997340621.000000000,1753950874.000000000,46768416.000000000,1753950875.000000000,49427795.000000000,0.000000000,1.000000000,49.427795000,,,
1753950875.883545,,,,,,,,,,,,,,,,,105.000000000,497404818.000000000,1753950875.000000000,505889118.000000000,1753950875.000000000,8484300.000000000,0.000000000,1.000000000,,,,,,,,,,,,8.484300000
1753950876.384823,106.000000000,997451354.000000000,1753950875.000000000,6948968.000000000,1753950876.000000000,9497614.000000000,0.000000000,1.000000000,,,,,,,,,,,,,,,,,,,,,,,,,,9.497614000,,
1753950876.887168,,,,,,,,,107.000000000,497484819.000000000,1753950876.000000000,509521015.000000000,1753950876.000000000,12036196.000000000,0.000000000,1.000000000,,,,,,,,,,,,,,,,,,,12.036196000,
1753950877.885395,108.000000000,497293911.000000000,1753950877.000000000,508042363.000000000,1753950877.000000000,10748452.000000000,0.000000000,1.000000000,,,,,,,,,,,,,,,,,,,,,,,,,,10.748452000,,
1753950878.426358,,,,,,,,,,,,,,,,,,,,,,,,,109.000000000,997227351.000000000,1753950877.000000000,47771356.000000000,1753950878.000000000,50544005.000000000,0.000000000,1.000000000,50.544005000,,,
1753950878.885447,,,,,,,,,,,,,,,,,110.000000000,497297716.000000000,1753950878.000000000,507671102.000000000,1753950878.000000000,10373386.000000000,0.000000000,1.000000000,,,,,,,,,,,,10.373386000
1753950879.384439,111.000000000,997432996.000000000,1753950878.000000000,6666666.000000000,1753950879.000000000,9233670.000000000,0.000000000,1.000000000,,,,,,,,,,,,,,,,,,,,,,,,,,9.233670000,,
1753950879.884194,,,,,,,,,112.000000000,497366421.000000000,1753950879.000000000,506512864.000000000,1753950879.000000000,9146443.000000000,0.000000000,1.000000000,,,,,,,,,,,,,,,,,,,9.146443000,
1753950880.887478,113.000000000,497217757.000000000,1753950880.000000000,510002463.000000000,1753950880.000000000,12784706.000000000,0.000000000,1.000000000,,,,,,,,,,,,,,,,,,,,,,,,,,12.784706000,,
1753950881.426482,,,,,,,,,,,,,,,,,,,,,,,,,114.000000000,997479948.000000000,1753950880.000000000,47849239.000000000,1753950881.000000000,50369291.000000000,0.000000000,1.000000000,50.369291000,,,
1753950881.884447,,,,,,,,,,,,,,,,,115.000000000,497372969.000000000,1753950881.000000000,506743572.000000000,1753950881.000000000,9370603.000000000,0.000000000,1.000000000,,,,,,,,,,,,9.370603000
1753950882.385391,116.000000000,997497384.000000000,1753950881.000000000,8363664.000000000,1753950882.000000000,10866280.000000000,0.000000000,1.000000000,,,,,,,,,,,,,,,,,,,,,,,,,,10.866280000,,
1753950882.883870,,,,,,,,,117.000000000,497270304.000000000,1753950882.000000000,506442169.000000000,1753950882.000000000,9171865.000000000,0.000000000,1.000000000,,,,,,,,,,,,,,,,,,,9.171865000,
1753950883.884528,118.000000000,497381589.000000000,1753950883.000000000,507321567.000000000,1753950883.000000000,9939978.000000000,0.000000000,1.000000000,,,,,,,,,,,,,,,,,,,,,,,,,,9.939978000,,
1753950884.427148,,,,,,,,,,,,,,,,,,,,,,,,,119.000000000,997249401.000000000,1753950883.000000000,49469388.000000000,1753950884.000000000,52219987.000000000,0.000000000,1.000000000,52.219987000,,,
1753950884.884237,,,,,,,,,,,,,,,,,120.000000000,496995741.000000000,1753950884.000000000,506494320.000000000,1753950884.000000000,9498579.000000000,0.000000000,1.000000000,,,,,,,,,,,,9.498579000
1753950885.384351,121.000000000,997267334.000000000,1753950884.000000000,6648633.000000000,1753950885.000000000,9381299.000000000,0.000000000,1.000000000,,,,,,,,,,,,,,,,,,,,,,,,,,9.381299000,,
1753950885.884475,,,,,,,,,122.000000000,497330090.000000000,1753950885.000000000,505962700.000000000,1753950885.000000000,8632610.000000000,0.000000000,1.000000000,,,,,,,,,,,,,,,,,,,8.632610000,
1753950886.883100,123.000000000,497225383.000000000,1753950886.000000000,505363647.000000000,1753950886.000000000,8138264.000000000,0.000000000,1.000000000,,,,,,,,,,,,,,,,,,,,,,,,,,8.138264000,,
1753950887.428090,,,,,,,,,,,,,,,,,,,,,,,,,124.000000000,997162245.000000000,1753950886.000000000,49279202.000000000,1753950887.000000000,52116957.000000000,0.000000000,1.000000000,52.116957000,,,
1753950887.884742,,,,,,,,,,,,,,,,,125.000000000,497294757.000000000,1753950887.000000000,506990897.000000000,1753950887.000000000,9696140.000000000,0.000000000,1.000000000,,,,,,,,,,,,9.696140000
1753950888.387356,126.000000000,997139684.000000000,1753950887.000000000,8711535.000000000,1753950888.000000000,11571851.000000000,0.000000000,1.000000000,,,,,,,,,,,,,,,,,,,,,,,,,,11.571851000,,
1753950888.884798,,,,,,,,,127.000000000,497238724.000000000,1753950888.000000000,507150180.000000000,1753950888.000000000,9911456.000000000,0.000000000,1.000000000,,,,,,,,,,,,,,,,,,,9.911456000,
1753950889.884497,128.000000000,497359118.000000000,1753950889.000000000,507374129.000000000,1753950889.000000000,10015011.000000000,0.000000000,1.000000000,,,,,,,,,,,,,,,,,,,,,,,,,,10.015011000,,
1753950890.426876,,,,,,,,,,,,,,,,,,,,,,,,,129.000000000,997240756.000000000,1753950889.000000000,49208061.000000000,1753950890.000000000,51967305.000000000,0.000000000,1.000000000,51.967305000,,,
1753950890.885127,,,,,,,,,,,,,,,,,130.000000000,497471304.000000000,1753950890.000000000,507390627.000000000,1753950890.000000000,9919323.000000000,0.000000000,1.000000000,,,,,,,,,,,,9.919323000
1753950891.385304,131.000000000,997277144.000000000,1753950890.000000000,6556286.000000000,1753950891.000000000,9279142.000000000,0.000000000,1.000000000,,,,,,,,,,,,,,,,,,,,,,,,,,9.279142000,,
1753950891.884869,,,,,,,,,132.000000000,497148517.000000000,1753950891.000000000,507205798.000000000,1753950891.000000000,10057281.000000000,0.000000000,1.000000000,,,,,,,,,,,,,,,,,,,10.057281000,
1753950892.889786,133.000000000,497173554.000000000,1753950892.000000000,510110662.000000000,1753950892.000000000,12937108.000000000,0.000000000,1.000000000,,,,,,,,,,,,,,,,,,,,,,,,,,12.937108000,,
1753950893.426510,,,,,,,,,,,,,,,,,,,,,,,,,134.000000000,997082750.000000000,1753950892.000000000,47408572.000000000,1753950893.000000000,50325822.000000000,0.000000000,1.000000000,50.325822000,,,
1753950893.883511,,,,,,,,,,,,,,,,,135.000000000,497201422.000000000,1753950893.000000000,505381032.000000000,1753950893.000000000,8179610.000000000,0.000000000,1.000000000,,,,,,,,,,,,8.179610000
1753950894.387273,136.000000000,997280008.000000000,1753950893.000000000,10153740.000000000,1753950894.000000000,12873732.000000000,0.000000000,1.000000000,,,,,,,,,,,,,,,,,,,,,,,,,,12.873732000,,
1753950894.884795,,,,,,,,,137.000000000,497209282.000000000,1753950894.000000000,507150652.000000000,1753950894.000000000,9941370.000000000,0.000000000,1.000000000,,,,,,,,,,,,,,,,,,,9.941370000,
1753950895.883780,138.000000000,497255733.000000000,1753950895.000000000,506493641.000000000,1753950895.000000000,9237908.000000000,0.000000000,1.000000000,,,,,,,,,,,,,,,,,,,,,,,,,,9.237908000,,
1753950896.425149,,,,,,,,,,,,,,,,,,,,,,,,,139.000000000,997121462.000000000,1753950895.000000000,46685125.000000000,1753950896.000000000,49563663.000000000,0.000000000,1.000000000,49.563663000,,,
1753950896.884675,,,,,,,,,,,,,,,,,140.000000000,497447128.000000000,1753950896.000000000,506834100.000000000,1753950896.000000000,9386972.000000000,0.000000000,1.000000000,,,,,,,,,,,,9.386972000
1753950897.387585,141.000000000,997376633.000000000,1753950896.000000000,10261612.000000000,1753950897.000000000,12884979.000000000,0.000000000,1.000000000,,,,,,,,,,,,,,,,,,,,,,,,,,12.884979000,,
1753950897.884238,,,,,,,,,142.000000000,497416609.000000000,1753950897.000000000,506418014.000000000,1753950897.000000000,9001405.000000000,0.000000000,1.000000000,,,,,,,,,,,,,,,,,,,9.001405000,
1753950898.883773,143.000000000,497275572.000000000,1753950898.000000000,506725111.000000000,1753950898.000000000,9449539.000000000,0.000000000,1.000000000,,,,,,,,,,,,,,,,,,,,,,,,,,9.449539000,,
1753950899.428181,,,,,,,,,,,,,,,,,,,,,,,,,144.000000000,997184613.000000000,1753950898.000000000,49512303.000000000,1753950899.000000000,52327690.000000000,0.000000000,1.000000000,52.327690000,,,
1753950899.883097,,,,,,,,,,,,,,,,,145.000000000,497005324.000000000,1753950899.000000000,505311141.000000000,1753950899.000000000,8305817.000000000,0.000000000,1.000000000,,,,,,,,,,,,8.305817000
1753950900.385908,146.000000000,997126459.000000000,1753950899.000000000,7535411.000000000,1753950900.000000000,10408952.000000000,0.000000000,1.000000000,,,,,,,,,,,,,,,,,,,,,,,,,,10.408952000,,
1753950900.886761,,,,,,,,,147.000000000,497308178.000000000,1753950900.000000000,508562918.000000000,1753950900.000000000,11254740.000000000,0.000000000,1.000000000,,,,,,,,,,,,,,,,,,,11.254740000,
1753950901.886712,148.000000000,497170151.000000000,1753950901.000000000,508718175.000000000,1753950901.000000000,11548024.000000000,0.000000000,1.000000000,,,,,,,,,,,,,,,,,,,,,,,,,,11.548024000,,
1753950902.425187,,,,,,,,,,,,,,,,,,,,,,,,,149.000000000,997295844.000000000,1753950901.000000000,46797279.000000000,1753950902.000000000,49501435.000000000,0.000000000,1.000000000,49.501435000,,,
1753950902.884606,,,,,,,,,,,,,,,,,150.000000000,497346794.000000000,1753950902.000000000,506594768.000000000,1753950902.000000000,9247974.000000000,0.000000000,1.000000000,,,,,,,,,,,,9.247974000
1753950903.385575,151.000000000,997308881.000000000,1753950902.000000000,6856410.000000000,1753950903.000000000,9547529.000000000,0.000000000,1.000000000,,,,,,,,,,,,,,,,,,,,,,,,,,9.547529000,,
1753950903.885104,,,,,,,,,152.000000000,497251029.000000000,1753950903.000000000,507238755.000000000,1753950903.000000000,9987726.000000000,0.000000000,1.000000000,,,,,,,,,,,,,,,,,,,9.987726000,
1753950904.885024,153.000000000,497193907.000000000,1753950904.000000000,507522010.000000000,1753950904.000000000,10328103.000000000,0.000000000,1.000000000,,,,,,,,,,,,,,,,,,,,,,,,,,10.328103000,,
1753950905.425853,,,,,,,,,,,,,,,,,,,,,,,,,154.000000000,997251772.000000000,1753950904.000000000,47242846.000000000,1753950905.000000000,49991074.000000000,0.000000000,1.000000000,49.991074000,,,
1753950905.883231,,,,,,,,,,,,,,,,,155.000000000,497127359.000000000,1753950905.000000000,505435523.000000000,1753950905.000000000,8308164.000000000,0.000000000,1.000000000,,,,,,,,,,,,8.308164000
1753950906.386298,156.000000000,997342490.000000000,1753950905.000000000,6458852.000000000,1753950906.000000000,9116362.000000000,0.000000000,1.000000000,,,,,,,,,,,,,,,,,,,,,,,,,,9.116362000,,
1753950906.882233,,,,,,,,,157.000000000,497154005.000000000,1753950906.000000000,504083691.000000000,1753950906.000000000,6929686.000000000,0.000000000,1.000000000,,,,,,,,,,,,,,,,,,,6.929686000,
1753950907.882847,158.000000000,497363013.000000000,1753950907.000000000,505140972.000000000,1753950907.000000000,7777959.000000000,0.000000000,1.000000000,,,,,,,,,,,,,,,,,,,,,,,,,,7.777959000,,
1753950908.424906,,,,,,,,,,,,,,,,,,,,,,,,,159.000000000,997178494.000000000,1753950907.000000000,46515552.000000000,1753950908.000000000,49337058.000000000,0.000000000,1.000000000,49.337058000,,,
1753950908.883473,,,,,,,,,,,,,,,,,160.000000000,497305416.000000000,1753950908.000000000,504244240.000000000,1753950908.000000000,6938824.000000000,0.000000000,1.000000000,,,,,,,,,,,,6.938824000
1753950909.382778,161.000000000,997261756.000000000,1753950908.000000000,4920852.000000000,1753950909.000000000,7659096.000000000,0.000000000,1.000000000,,,,,,,,,,,,,,,,,,,,,,,,,,7.659096000,,
1753950909.881942,,,,,,,,,162.000000000,497235245.000000000,1753950909.000000000,503982484.000000000,1753950909.000000000,6747239.000000000,0.000000000,1.000000000,,,,,,,,,,,,,,,,,,,6.747239000,
1753950910.882208,163.000000000,497203503.000000000,1753950910.000000000,504796837.000000000,1753950910.000000000,7593334.000000000,0.000000000,1.000000000,,,,,,,,,,,,,,,,,,,,,,,,,,7.593334000,,
1753950911.425720,,,,,,,,,,,,,,,,,,,,,,,,,164.000000000,997356748.000000000,1753950910.000000000,47036702.000000000,1753950911.000000000,49679954.000000000,0.000000000,1.000000000,49.679954000,,,
1753950911.884752,,,,,,,,,,,,,,,,,165.000000000,497237399.000000000,1753950911.000000000,506271959.000000000,1753950911.000000000,9034560.000000000,0.000000000,1.000000000,,,,,,,,,,,,9.034560000
1753950912.387096,166.000000000,997266886.000000000,1753950911.000000000,9165714.000000000,1753950912.000000000,11898828.000000000,0.000000000,1.000000000,,,,,,,,,,,,,,,,,,,,,,,,,,11.898828000,,
1753950912.885345,,,,,,,,,167.000000000,497205352.000000000,1753950912.000000000,506995768.000000000,1753950912.000000000,9790416.000000000,0.000000000,1.000000000,,,,,,,,,,,,,,,,,,,9.790416000,
1753950913.885371,168.000000000,497409350.000000000,1753950913.000000000,507598966.000000000,1753950913.000000000,10189616.000000000,0.000000000,1.000000000,,,,,,,,,,,,,,,,,,,,,,,,,,10.189616000,,
1753950914.426980,,,,,,,,,,,,,,,,,,,,,,,,,169.000000000,997281738.000000000,1753950913.000000000,47806791.000000000,1753950914.000000000,50525053.000000000,0.000000000,1.000000000,50.525053000,,,
1753950914.885033,,,,,,,,,,,,,,,,,170.000000000,497253667.000000000,1753950914.000000000,506874368.000000000,1753950914.000000000,9620701.000000000,0.000000000,1.000000000,,,,,,,,,,,,9.620701000
1753950915.386530,171.000000000,997488176.000000000,1753950914.000000000,8681162.000000000,1753950915.000000000,11192986.000000000,0.000000000,1.000000000,,,,,,,,,,,,,,,,,,,,,,,,,,11.192986000,,
1753950915.888439,,,,,,,,,172.000000000,497219988.000000000,1753950915.000000000,510610409.000000000,1753950915.000000000,13390421.000000000,0.000000000,1.000000000,,,,,,,,,,,,,,,,,,,13.390421000,
1753950916.884687,173.000000000,497080761.000000000,1753950916.000000000,506443772.000000000,1753950916.000000000,9363011.000000000,0.000000000,1.000000000,,,,,,,,,,,,,,,,,,,,,,,,,,9.363011000,,
1753950917.425365,,,,,,,,,,,,,,,,,,,,,,,,,174.000000000,997296020.000000000,1753950916.000000000,46798072.000000000,1753950917.000000000,49502052.000000000,0.000000000,1.000000000,49.502052000,,,
1753950917.884778,,,,,,,,,,,,,,,,,175.000000000,497265110.000000000,1753950917.000000000,506406833.000000000,1753950917.000000000,9141723.000000000,0.000000000,1.000000000,,,,,,,,,,,,9.141723000
1753950918.385889,176.000000000,997273606.000000000,1753950917.000000000,6947933.000000000,1753950918.000000000,9674327.000000000,0.000000000,1.000000000,,,,,,,,,,,,,,,,,,,,,,,,,,9.674327000,,
1753950918.883586,,,,,,,,,177.000000000,497303173.000000000,1753950918.000000000,505740852.000000000,1753950918.000000000,8437679.000000000,0.000000000,1.000000000,,,,,,,,,,,,,,,,,,,8.437679000,
1753950919.887428,178.000000000,497230826.000000000,1753950919.000000000,509705119.000000000,1753950919.000000000,12474293.000000000,0.000000000,1.000000000,,,,,,,,,,,,,,,,,,,,,,,,,,12.474293000,,
1753950920.426014,,,,,,,,,,,,,,,,,,,,,,,,,179.000000000,997275324.000000000,1753950919.000000000,47383636.000000000,1753950920.000000000,50108312.000000000,0.000000000,1.000000000,50.108312000,,,
1753950920.883978,,,,,,,,,,,,,,,,,180.000000000,497175941.000000000,1753950920.000000000,506127630.000000000,1753950920.000000000,8951689.000000000,0.000000000,1.000000000,,,,,,,,,,,,8.951689000
1753950921.386903,181.000000000,997248589.000000000,1753950920.000000000,7420808.000000000,1753950921.000000000,10172219.000000000,0.000000000,1.000000000,,,,,,,,,,,,,,,,,,,,,,,,,,10.172219000,,
1753950921.884847,,,,,,,,,182.000000000,497325292.000000000,1753950921.000000000,507049208.000000000,1753950921.000000000,9723916.000000000,0.000000000,1.000000000,,,,,,,,,,,,,,,,,,,9.723916000,
1753950922.886062,183.000000000,497451823.000000000,1753950922.000000000,507803294.000000000,1753950922.000000000,10351471.000000000,0.000000000,1.000000000,,,,,,,,,,,,,,,,,,,,,,,,,,10.351471000,,
1753950923.428819,,,,,,,,,,,,,,,,,,,,,,,,,184.000000000,997323716.000000000,1753950922.000000000,49386362.000000000,1753950923.000000000,52062646.000000000,0.000000000,1.000000000,52.062646000,,,
1753950923.884103,,,,,,,,,,,,,,,,,185.000000000,497312550.000000000,1753950923.000000000,506076179.000000000,1753950923.000000000,8763629.000000000,0.000000000,1.000000000,,,,,,,,,,,,8.763629000
1753950924.386550,186.000000000,997381046.000000000,1753950923.000000000,7549831.000000000,1753950924.000000000,10168785.000000000,0.000000000,1.000000000,,,,,,,,,,,,,,,,,,,,,,,,,,10.168785000,,
1753950924.884586,,,,,,,,,187.000000000,497310511.000000000,1753950924.000000000,506419319.000000000,1753950924.000000000,9108808.000000000,0.000000000,1.000000000,,,,,,,,,,,,,,,,,,,9.108808000,
1753950925.887961,188.000000000,497245168.000000000,1753950925.000000000,510481369.000000000,1753950925.000000000,13236201.000000000,0.000000000,1.000000000,,,,,,,,,,,,,,,,,,,,,,,,,,13.236201000,,
1753950926.425538,,,,,,,,,,,,,,,,,,,,,,,,,189.000000000,997247432.000000000,1753950925.000000000,47175674.000000000,1753950926.000000000,49928242.000000000,0.000000000,1.000000000,49.928242000,,,
1753950926.885733,,,,,,,,,,,,,,,,,190.000000000,497255526.000000000,1753950926.000000000,506508882.000000000,1753950926.000000000,9253356.000000000,0.000000000,1.000000000,,,,,,,,,,,,9.253356000
1753950927.387392,191.000000000,997294654.000000000,1753950926.000000000,8075592.000000000,1753950927.000000000,10780938.000000000,0.000000000,1.000000000,,,,,,,,,,,,,,,,,,,,,,,,,,10.780938000,,
1753950927.884207,,,,,,,,,192.000000000,497240795.000000000,1753950927.000000000,506291413.000000000,1753950927.000000000,9050618.000000000,0.000000000,1.000000000,,,,,,,,,,,,,,,,,,,9.050618000,
1753950928.885307,193.000000000,497284043.000000000,1753950928.000000000,507550153.000000000,1753950928.000000000,10266110.000000000,0.000000000,1.000000000,,,,,,,,,,,,,,,,,,,,,,,,,,10.266110000,,
1753950929.427603,,,,,,,,,,,,,,,,,,,,,,,,,194.000000000,997287415.000000000,1753950928.000000000,48292680.000000000,1753950929.000000000,51005265.000000000,0.000000000,1.000000000,51.005265000,,,
1753950929.886948,,,,,,,,,,,,,,,,,195.000000000,497380686.000000000,1753950929.000000000,508647502.000000000,1753950929.000000000,11266816.000000000,0.000000000,1.000000000,,,,,,,,,,,,11.266816000
1753950930.387574,196.000000000,997358903.000000000,1753950929.000000000,7997647.000000000,1753950930.000000000,10638744.000000000,0.000000000,1.000000000,,,,,,,,,,,,,,,,,,,,,,,,,,10.638744000,,
1753950930.884254,,,,,,,,,197.000000000,497370634.000000000,1753950930.000000000,505899730.000000000,1753950930.000000000,8529096.000000000,0.000000000,1.000000000,,,,,,,,,,,,,,,,,,,8.529096000,
1753950931.884844,198.000000000,497264104.000000000,1753950931.000000000,506704453.000000000,1753950931.000000000,9440349.000000000,0.000000000,1.000000000,,,,,,,,,,,,,,,,,,,,,,,,,,9.440349000,,
1753950932.425849,,,,,,,,,,,,,,,,,,,,,,,,,199.000000000,997377243.000000000,1753950931.000000000,47200247.000000000,1753950932.000000000,49823004.000000000,0.000000000,1.000000000,49.823004000,,,
1753950932.883858,,,,,,,,,,,,,,,,,200.000000000,497293652.000000000,1753950932.000000000,505949516.000000000,1753950932.000000000,8655864.000000000,0.000000000,1.000000000,,,,,,,,,,,,8.655864000
1753950933.388124,201.000000000,997453241.000000000,1753950932.000000000,11018394.000000000,1753950933.000000000,13565153.000000000,0.000000000,1.000000000,,,,,,,,,,,,,,,,,,,,,,,,,,13.565153000,,
1753950933.884656,,,,,,,,,202.000000000,497403559.000000000,1753950933.000000000,506647862.000000000,1753950933.000000000,9244303.000000000,0.000000000,1.000000000,,,,,,,,,,,,,,,,,,,9.244303000,
1753950934.889338,203.000000000,497419406.000000000,1753950934.000000000,511521711.000000000,1753950934.000000000,14102305.000000000,0.000000000,1.000000000,,,,,,,,,,,,,,,,,,,,,,,,,,14.102305000,,
1753950935.425717,,,,,,,,,,,,,,,,,,,,,,,,,204.000000000,997436698.000000000,1753950934.000000000,47124705.000000000,1753950935.000000000,49688007.000000000,0.000000000,1.000000000,49.688007000,,,
1753950935.884614,,,,,,,,,,,,,,,,,205.000000000,497395347.000000000,1753950935.000000000,506584328.000000000,1753950935.000000000,9188981.000000000,0.000000000,1.000000000,,,,,,,,,,,,9.188981000
1753950936.386068,206.000000000,997304237.000000000,1753950935.000000000,7372585.000000000,1753950936.000000000,10068348.000000000,0.000000000,1.000000000,,,,,,,,,,,,,,,,,,,,,,,,,,10.068348000,,
1753950936.885255,,,,,,,,,207.000000000,497373204.000000000,1753950936.000000000,506693190.000000000,1753950936.000000000,9319986.000000000,0.000000000,1.000000000,,,,,,,,,,,,,,,,,,,9.319986000,
1753950937.886368,208.000000000,497396204.000000000,1753950937.000000000,508436780.000000000,1753950937.000000000,11040576.000000000,0.000000000,1.000000000,,,,,,,,,,,,,,,,,,,,,,,,,,11.040576000,,
1753950938.425677,,,,,,,,,,,,,,,,,,,,,,,,,209.000000000,997410609.000000000,1753950937.000000000,47166008.000000000,1753950938.000000000,49755399.000000000,0.000000000,1.000000000,49.755399000,,,
1753950938.884233,,,,,,,,,,,,,,,,,210.000000000,497457299.000000000,1753950938.000000000,506369286.000000000,1753950938.000000000,8911987.000000000,0.000000000,1.000000000,,,,,,,,,,,,8.911987000
1753950939.383798,211.000000000,997231168.000000000,1753950938.000000000,5835069.000000000,1753950939.000000000,8603901.000000000,0.000000000,1.000000000,,,,,,,,,,,,,,,,,,,,,,,,,,8.603901000,,
1753950939.884207,,,,,,,,,212.000000000,497377688.000000000,1753950939.000000000,506034525.000000000,1753950939.000000000,8656837.000000000,0.000000000,1.000000000,,,,,,,,,,,,,,,,,,,8.656837000,
1753950940.886912,213.000000000,497430281.000000000,1753950940.000000000,509395344.000000000,1753950940.000000000,11965063.000000000,0.000000000,1.000000000,,,,,,,,,,,,,,,,,,,,,,,,,,11.965063000,,
1753950941.437629,,,,,,,,,,,,,,,,,,,,,,,,,214.000000000,997254300.000000000,1753950940.000000000,49199440.000000000,1753950941.000000000,51945140.000000000,0.000000000,1.000000000,51.945140000,,,
1753950941.884927,,,,,,,,,,,,,,,,,215.000000000,497250440.000000000,1753950941.000000000,506806670.000000000,1753950941.000000000,9556230.000000000,0.000000000,1.000000000,,,,,,,,,,,,9.556230000
1753950942.386240,216.000000000,997246854.000000000,1753950941.000000000,7436602.000000000,1753950942.000000000,10189748.000000000,0.000000000,1.000000000,,,,,,,,,,,,,,,,,,,,,,,,,,10.189748000,,
1753950942.885190,,,,,,,,,217.000000000,497334229.000000000,1753950942.000000000,507194305.000000000,1753950942.000000000,9860076.000000000,0.000000000,1.000000000,,,,,,,,,,,,,,,,,,,9.860076000,
1753950943.884886,218.000000000,497372650.000000000,1753950943.000000000,507500987.000000000,1753950943.000000000,10128337.000000000,0.000000000,1.000000000,,,,,,,,,,,,,,,,,,,,,,,,,,10.128337000,,
1753950944.425476,,,,,,,,,,,,,,,,,,,,,,,,,219.000000000,997312128.000000000,1753950943.000000000,46939677.000000000,1753950944.000000000,49627549.000000000,0.000000000,1.000000000,49.627549000,,,
1753950944.885253,,,,,,,,,,,,,,,,,220.000000000,497324667.000000000,1753950944.000000000,507150093.000000000,1753950944.000000000,9825426.000000000,0.000000000,1.000000000,,,,,,,,,,,,9.825426000
1753950945.386081,221.000000000,997056558.000000000,1753950944.000000000,8770803.000000000,1753950945.000000000,11714245.000000000,0.000000000,1.000000000,,,,,,,,,,,,,,,,,,,,,,,,,,11.714245000,,
1753950945.887150,,,,,,,,,222.000000000,497347767.000000000,1753950945.000000000,509411630.000000000,1753950945.000000000,12063863.000000000,0.000000000,1.000000000,,,,,,,,,,,,,,,,,,,12.063863000,
1753950946.885476,223.000000000,497369279.000000000,1753950946.000000000,507108522.000000000,1753950946.000000000,9739243.000000000,0.000000000,1.000000000,,,,,,,,,,,,,,,,,,,,,,,,,,9.739243000,,
1753950947.426265,,,,,,,,,,,,,,,,,,,,,,,,,224.000000000,997333225.000000000,1753950946.000000000,47532100.000000000,1753950947.000000000,50198875.000000000,0.000000000,1.000000000,50.198875000,,,
1753950947.885489,,,,,,,,,,,,,,,,,225.000000000,497361377.000000000,1753950947.000000000,507507564.000000000,1753950947.000000000,10146187.000000000,0.000000000,1.000000000,,,,,,,,,,,,10.146187000
1753950948.387803,226.000000000,997230382.000000000,1753950947.000000000,8252189.000000000,1753950948.000000000,11021807.000000000,0.000000000,1.000000000,,,,,,,,,,,,,,,,,,,,,,,,,,11.021807000,,
1753950948.883945,,,,,,,,,227.000000000,497228543.000000000,1753950948.000000000,505908030.000000000,1753950948.000000000,8679487.000000000,0.000000000,1.000000000,,,,,,,,,,,,,,,,,,,8.679487000,
1753950949.887533,228.000000000,497417157.000000000,1753950949.000000000,507559168.000000000,1753950949.000000000,10142011.000000000,0.000000000,1.000000000,,,,,,,,,,,,,,,,,,,,,,,,,,10.142011000,,
1753950950.426197,,,,,,,,,,,,,,,,,,,,,,,,,229.000000000,997414981.000000000,1753950949.000000000,47553849.000000000,1753950950.000000000,50138868.000000000,0.000000000,1.000000000,50.138868000,,,
1753950950.884780,,,,,,,,,,,,,,,,,230.000000000,497351863.000000000,1753950950.000000000,506787173.000000000,1753950950.000000000,9435310.000000000,0.000000000,1.000000000,,,,,,,,,,,,9.435310000
1753950951.386720,231.000000000,997237163.000000000,1753950950.000000000,7491556.000000000,1753950951.000000000,10254393.000000000,0.000000000,1.000000000,,,,,,,,,,,,,,,,,,,,,,,,,,10.254393000,,
1753950951.884424,,,,,,,,,232.000000000,497404315.000000000,1753950951.000000000,506161077.000000000,1753950951.000000000,8756762.000000000,0.000000000,1.000000000,,,,,,,,,,,,,,,,,,,8.756762000,
1753950952.886968,233.000000000,497243322.000000000,1753950952.000000000,509079999.000000000,1753950952.000000000,11836677.000000000,0.000000000,1.000000000,,,,,,,,,,,,,,,,,,,,,,,,,,11.836677000,,
1753950953.428343,,,,,,,,,,,,,,,,,,,,,,,,,234.000000000,997430365.000000000,1753950952.000000000,50220164.000000000,1753950953.000000000,52789799.000000000,0.000000000,1.000000000,52.789799000,,,
1753950953.889188,,,,,,,,,,,,,,,,,235.000000000,497195688.000000000,1753950953.000000000,510869220.000000000,1753950953.000000000,13673532.000000000,0.000000000,1.000000000,,,,,,,,,,,,13.673532000
1753950954.388055,236.000000000,997323679.000000000,1753950953.000000000,10427862.000000000,1753950954.000000000,13104183.000000000,0.000000000,1.000000000,,,,,,,,,,,,,,,,,,,,,,,,,,13.104183000,,
1753950954.886206,,,,,,,,,237.000000000,497442710.000000000,1753950954.000000000,507529463.000000000,1753950954.000000000,10086753.000000000,0.000000000,1.000000000,,,,,,,,,,,,,,,,,,,10.086753000,
1753950955.890086,238.000000000,497430415.000000000,1753950955.000000000,510750861.000000000,1753950955.000000000,13320446.000000000,0.000000000,1.000000000,,,,,,,,,,,,,,,,,,,,,,,,,,13.320446000,,
1753950956.425685,,,,,,,,,,,,,,,,,,,,,,,,,239.000000000,997202039.000000000,1753950955.000000000,47084560.000000000,1753950956.000000000,49882521.000000000,0.000000000,1.000000000,49.882521000,,,
1753950956.884295,,,,,,,,,,,,,,,,,240.000000000,497291081.000000000,1753950956.000000000,506255817.000000000,1753950956.000000000,8964736.000000000,0.000000000,1.000000000,,,,,,,,,,,,8.964736000
1753950957.388357,241.000000000,997300035.000000000,1753950956.000000000,11247138.000000000,1753950957.000000000,13947103.000000000,0.000000000,1.000000000,,,,,,,,,,,,,,,,,,,,,,,,,,13.947103000,,
1753950957.890761,,,,,,,,,242.000000000,497284842.000000000,1753950957.000000000,508356137.000000000,1753950957.000000000,11071295.000000000,0.000000000,1.000000000,,,,,,,,,,,,,,,,,,,11.071295000,
1753950958.886310,243.000000000,497316409.000000000,1753950958.000000000,507929629.000000000,1753950958.000000000,10613220.000000000,0.000000000,1.000000000,,,,,,,,,,,,,,,,,,,,,,,,,,10.613220000,,
1753950959.426139,,,,,,,,,,,,,,,,,,,,,,,,,244.000000000,997273326.000000000,1753950958.000000000,47599114.000000000,1753950959.000000000,50325788.000000000,0.000000000,1.000000000,50.325788000,,,
1753950959.884959,,,,,,,,,,,,,,,,,245.000000000,497256749.000000000,1753950959.000000000,506946216.000000000,1753950959.000000000,9689467.000000000,0.000000000,1.000000000,,,,,,,,,,,,9.689467000
1753950960.388437,246.000000000,997217117.000000000,1753950959.000000000,11384650.000000000,1753950960.000000000,14167533.000000000,0.000000000,1.000000000,,,,,,,,,,,,,,,,,,,,,,,,,,14.167533000,,
1753950960.884907,,,,,,,,,247.000000000,497345790.000000000,1753950960.000000000,507064794.000000000,1753950960.000000000,9719004.000000000,0.000000000,1.000000000,,,,,,,,,,,,,,,,,,,9.719004000,
1753950961.887145,248.000000000,497359745.000000000,1753950961.000000000,509332843.000000000,1753950961.000000000,11973098.000000000,0.000000000,1.000000000,,,,,,,,,,,,,,,,,,,,,,,,,,11.973098000,,
1753950962.427617,,,,,,,,,,,,,,,,,,,,,,,,,249.000000000,997250664.000000000,1753950961.000000000,48724665.000000000,1753950962.000000000,51474001.000000000,0.000000000,1.000000000,51.474001000,,,
1753950962.885433,,,,,,,,,,,,,,,,,250.000000000,497372334.000000000,1753950962.000000000,507438658.000000000,1753950962.000000000,10066324.000000000,0.000000000,1.000000000,,,,,,,,,,,,10.066324000
1753950963.388439,251.000000000,997372359.000000000,1753950962.000000000,8008917.000000000,1753950963.000000000,10636558.000000000,0.000000000,1.000000000,,,,,,,,,,,,,,,,,,,,,,,,,,10.636558000,,
1753950963.884166,,,,,,,,,252.000000000,497375621.000000000,1753950963.000000000,506179883.000000000,1753950963.000000000,8804262.000000000,0.000000000,1.000000000,,,,,,,,,,,,,,,,,,,8.804262000,
1753950964.885225,253.000000000,497136697.000000000,1753950964.000000000,507925606.000000000,1753950964.000000000,10788909.000000000,0.000000000,1.000000000,,,,,,,,,,,,,,,,,,,,,,,,,,10.788909000,,
1753950965.426149,,,,,,,,,,,,,,,,,,,,,,,,,254.000000000,997323272.000000000,1753950964.000000000,47478443.000000000,1753950965.000000000,50155171.000000000,0.000000000,1.000000000,50.155171000,,,
1753950965.885890,,,,,,,,,,,,,,,,,255.000000000,497455282.000000000,1753950965.000000000,507822456.000000000,1753950965.000000000,10367174.000000000,0.000000000,1.000000000,,,,,,,,,,,,10.367174000
1753950966.386534,256.000000000,997300293.000000000,1753950965.000000000,7874757.000000000,1753950966.000000000,10574464.000000000,0.000000000,1.000000000,,,,,,,,,,,,,,,,,,,,,,,,,,10.574464000,,
1753950966.884258,,,,,,,,,257.000000000,497490822.000000000,1753950966.000000000,506263181.000000000,1753950966.000000000,8772359.000000000,0.000000000,1.000000000,,,,,,,,,,,,,,,,,,,8.772359000,
1753950967.885289,258.000000000,497309721.000000000,1753950967.000000000,507852585.000000000,1753950967.000000000,10542864.000000000,0.000000000,1.000000000,,,,,,,,,,,,,,,,,,,,,,,,,,10.542864000,,
1753950968.426277,,,,,,,,,,,,,,,,,,,,,,,,,259.000000000,997302936.000000000,1753950967.000000000,47580544.000000000,1753950968.000000000,50277608.000000000,0.000000000,1.000000000,50.277608000,,,
1753950968.886076,,,,,,,,,,,,,,,,,260.000000000,497330824.000000000,1753950968.000000000,508180599.000000000,1753950968.000000000,10849775.000000000,0.000000000,1.000000000,,,,,,,,,,,,10.849775000
1753950969.388379,261.000000000,997295622.000000000,1753950968.000000000,10662421.000000000,1753950969.000000000,13366799.000000000,0.000000000,1.000000000,,,,,,,,,,,,,,,,,,,,,,,,,,13.366799000,,
1753950969.884655,,,,,,,,,262.000000000,497317093.000000000,1753950969.000000000,506568873.000000000,1753950969.000000000,9251780.000000000,0.000000000,1.000000000,,,,,,,,,,,,,,,,,,,9.251780000,
1753950970.885311,263.000000000,497347654.000000000,1753950970.000000000,507838768.000000000,1753950970.000000000,10491114.000000000,0.000000000,1.000000000,,,,,,,,,,,,,,,,,,,,,,,,,,10.491114000,,
1753950971.427837,,,,,,,,,,,,,,,,,,,,,,,,,264.000000000,997231197.000000000,1753950970.000000000,49042538.000000000,1753950971.000000000,51811341.000000000,0.000000000,1.000000000,51.811341000,,,
1753950971.887970,,,,,,,,,,,,,,,,,265.000000000,497328996.000000000,1753950971.000000000,509851260.000000000,1753950971.000000000,12522264.000000000,0.000000000,1.000000000,,,,,,,,,,,,12.522264000
1753950972.388471,266.000000000,997327371.000000000,1753950971.000000000,10614643.000000000,1753950972.000000000,13287272.000000000,0.000000000,1.000000000,,,,,,,,,,,,,,,,,,,,,,,,,,13.287272000,,
1753950972.886753,,,,,,,,,267.000000000,497354890.000000000,1753950972.000000000,509328713.000000000,1753950972.000000000,11973823.000000000,0.000000000,1.000000000,,,,,,,,,,,,,,,,,,,11.973823000,
1753950973.888017,268.000000000,497273288.000000000,1753950973.000000000,510366135.000000000,1753950973.000000000,13092847.000000000,0.000000000,1.000000000,,,,,,,,,,,,,,,,,,,,,,,,,,13.092847000,,
1753950974.432100,,,,,,,,,,,,,,,,,,,,,,,,,269.000000000,997303278.000000000,1753950973.000000000,50424842.000000000,1753950974.000000000,53121564.000000000,0.000000000,1.000000000,53.121564000,,,
1753950974.887518,,,,,,,,,,,,,,,,,270.000000000,497188437.000000000,1753950974.000000000,509547431.000000000,1753950974.000000000,12358994.000000000,0.000000000,1.000000000,,,,,,,,,,,,12.358994000
1753950975.387678,271.000000000,997336131.000000000,1753950974.000000000,10113195.000000000,1753950975.000000000,12777064.000000000,0.000000000,1.000000000,,,,,,,,,,,,,,,,,,,,,,,,,,12.777064000,,
1753950975.887306,,,,,,,,,272.000000000,497366256.000000000,1753950975.000000000,509317371.000000000,1753950975.000000000,11951115.000000000,0.000000000,1.000000000,,,,,,,,,,,,,,,,,,,11.951115000,
1753950976.887807,273.000000000,497405350.000000000,1753950976.000000000,510747572.000000000,1753950976.000000000,13342222.000000000,0.000000000,1.000000000,,,,,,,,,,,,,,,,,,,,,,,,,,13.342222000,,
1753950977.427111,,,,,,,,,,,,,,,,,,,,,,,,,274.000000000,997306128.000000000,1753950976.000000000,48363323.000000000,1753950977.000000000,51057195.000000000,0.000000000,1.000000000,51.057195000,,,
1753950977.886034,,,,,,,,,,,,,,,,,275.000000000,497183613.000000000,1753950977.000000000,507966376.000000000,1753950977.000000000,10782763.000000000,0.000000000,1.000000000,,,,,,,,,,,,10.782763000
1753950978.389829,276.000000000,997410272.000000000,1753950977.000000000,12033228.000000000,1753950978.000000000,14622956.000000000,0.000000000,1.000000000,,,,,,,,,,,,,,,,,,,,,,,,,,14.622956000,,
1753950978.885486,,,,,,,,,277.000000000,497362982.000000000,1753950978.000000000,507502048.000000000,1753950978.000000000,10139066.000000000,0.000000000,1.000000000,,,,,,,,,,,,,,,,,,,10.139066000,
1753950979.886229,278.000000000,497235675.000000000,1753950979.000000000,508852329.000000000,1753950979.000000000,11616654.000000000,0.000000000,1.000000000,,,,,,,,,,,,,,,,,,,,,,,,,,11.616654000,,
1753950980.427780,,,,,,,,,,,,,,,,,,,,,,,,,279.000000000,997462250.000000000,1753950979.000000000,48895994.000000000,1753950980.000000000,51433744.000000000,0.000000000,1.000000000,51.433744000,,,
1753950980.886103,,,,,,,,,,,,,,,,,280.000000000,497340466.000000000,1753950980.000000000,507982734.000000000,1753950980.000000000,10642268.000000000,0.000000000,1.000000000,,,,,,,,,,,,10.642268000
1753950981.387018,281.000000000,997298900.000000000,1753950980.000000000,8149462.000000000,1753950981.000000000,10850562.000000000,0.000000000,1.000000000,,,,,,,,,,,,,,,,,,,,,,,,,,10.850562000,,
1753950981.884809,,,,,,,,,282.000000000,497390746.000000000,1753950981.000000000,506852829.000000000,1753950981.000000000,9462083.000000000,0.000000000,1.000000000,,,,,,,,,,,,,,,,,,,9.462083000,
1753950982.886156,283.000000000,497373760.000000000,1753950982.000000000,507796878.000000000,1753950982.000000000,10423118.000000000,0.000000000,1.000000000,,,,,,,,,,,,,,,,,,,,,,,,,,10.423118000,,
1753950983.427447,,,,,,,,,,,,,,,,,,,,,,,,,284.000000000,997318134.000000000,1753950982.000000000,48661301.000000000,1753950983.000000000,51343167.000000000,0.000000000,1.000000000,51.343167000,,,
1753950983.884022,,,,,,,,,,,,,,,,,285.000000000,497255435.000000000,1753950983.000000000,505940717.000000000,1753950983.000000000,8685282.000000000,0.000000000,1.000000000,,,,,,,,,,,,8.685282000
1753950984.405654,286.000000000,997369249.000000000,1753950983.000000000,9258808.000000000,1753950984.000000000,11889559.000000000,0.000000000,1.000000000,,,,,,,,,,,,,,,,,,,,,,,,,,11.889559000,,
1753950984.884696,,,,,,,,,287.000000000,497343093.000000000,1753950984.000000000,506613772.000000000,1753950984.000000000,9270679.000000000,0.000000000,1.000000000,,,,,,,,,,,,,,,,,,,9.270679000,
1753950985.884914,288.000000000,497330348.000000000,1753950985.000000000,507409329.000000000,1753950985.000000000,10078981.000000000,0.000000000,1.000000000,,,,,,,,,,,,,,,,,,,,,,,,,,10.078981000,,
1753950986.426008,,,,,,,,,,,,,,,,,,,,,,,,,289.000000000,997379224.000000000,1753950985.000000000,47469623.000000000,1753950986.000000000,50090399.000000000,0.000000000,1.000000000,50.090399000,,,
1753950986.887257,,,,,,,,,,,,,,,,,290.000000000,497346587.000000000,1753950986.000000000,509107285.000000000,1753950986.000000000,11760698.000000000,0.000000000,1.000000000,,,,,,,,,,,,11.760698000
1753950987.384322,291.000000000,997320717.000000000,1753950986.000000000,6834108.000000000,1753950987.000000000,9513391.000000000,0.000000000,1.000000000,,,,,,,,,,,,,,,,,,,,,,,,,,9.513391000,,
1753950987.888330,,,,,,,,,292.000000000,497346329.000000000,1753950987.000000000,510969775.000000000,1753950987.000000000,13623446.000000000,0.000000000,1.000000000,,,,,,,,,,,,,,,,,,,13.623446000,
1753950988.884571,293.000000000,497297335.000000000,1753950988.000000000,506573427.000000000,1753950988.000000000,9276092.000000000,0.000000000,1.000000000,,,,,,,,,,,,,,,,,,,,,,,,,,9.276092000,,
1753950989.426068,,,,,,,,,,,,,,,,,,,,,,,,,294.000000000,997334350.000000000,1753950988.000000000,47382695.000000000,1753950989.000000000,50048345.000000000,0.000000000,1.000000000,50.048345000,,,
1753950989.884466,,,,,,,,,,,,,,,,,295.000000000,497277443.000000000,1753950989.000000000,506362335.000000000,1753950989.000000000,9084892.000000000,0.000000000,1.000000000,,,,,,,,,,,,9.084892000
1753950990.384985,296.000000000,997236700.000000000,1753950989.000000000,7561055.000000000,1753950990.000000000,10324355.000000000,0.000000000,1.000000000,,,,,,,,,,,,,,,,,,,,,,,,,,10.324355000,,
1753950990.886289,,,,,,,,,297.000000000,497523327.000000000,1753950990.000000000,508562429.000000000,1753950990.000000000,11039102.000000000,0.000000000,1.000000000,,,,,,,,,,,,,,,,,,,11.039102000,
1753950991.884921,298.000000000,497316862.000000000,1753950991.000000000,507471131.000000000,1753950991.000000000,10154269.000000000,0.000000000,1.000000000,,,,,,,,,,,,,,,,,,,,,,,,,,10.154269000,,
1753950992.426268,,,,,,,,,,,,,,,,,,,,,,,,,299.000000000,997433208.000000000,1753950991.000000000,47566177.000000000,1753950992.000000000,50132969.000000000,0.000000000,1.000000000,50.132969000,,,
1753950992.884867,,,,,,,,,,,,,,,,,300.000000000,497345795.000000000,1753950992.000000000,506679658.000000000,1753950992.000000000,9333863.000000000,0.000000000,1.000000000,,,,,,,,,,,,9.333863000
1753950993.383903,301.000000000,997223499.000000000,1753950992.000000000,5875520.000000000,1753950993.000000000,8652021.000000000,0.000000000,1.000000000,,,,,,,,,,,,,,,,,,,,,,,,,,8.652021000,,
1753950993.884010,,,,,,,,,302.000000000,497218727.000000000,1753950993.000000000,505904041.000000000,1753950993.000000000,8685314.000000000,0.000000000,1.000000000,,,,,,,,,,,,,,,,,,,8.685314000,
1753950994.885983,303.000000000,497247979.000000000,1753950994.000000000,508466863.000000000,1753950994.000000000,11218884.000000000,0.000000000,1.000000000,,,,,,,,,,,,,,,,,,,,,,,,,,11.218884000,,
1753950995.424988,,,,,,,,,,,,,,,,,,,,,,,,,304.000000000,997157653.000000000,1753950994.000000000,46922185.000000000,1753950995.000000000,49764532.000000000,0.000000000,1.000000000,49.764532000,,,
1753950995.883877,,,,,,,,,,,,,,,,,305.000000000,497194936.000000000,1753950995.000000000,505811382.000000000,1753950995.000000000,8616446.000000000,0.000000000,1.000000000,,,,,,,,,,,,8.616446000
1753950996.387404,306.000000000,997296645.000000000,1753950995.000000000,8228343.000000000,1753950996.000000000,10931698.000000000,0.000000000,1.000000000,,,,,,,,,,,,,,,,,,,,,,,,,,10.931698000,,
1753950996.884396,,,,,,,,,307.000000000,497275348.000000000,1753950996.000000000,506316270.000000000,1753950996.000000000,9040922.000000000,0.000000000,1.000000000,,,,,,,,,,,,,,,,,,,9.040922000,
1753950997.885142,308.000000000,497262856.000000000,1753950997.000000000,507445447.000000000,1753950997.000000000,10182591.000000000,0.000000000,1.000000000,,,,,,,,,,,,,,,,,,,,,,,,,,10.182591000,,
1753950998.426114,,,,,,,,,,,,,,,,,,,,,,,,,309.000000000,997342123.000000000,1753950997.000000000,47433751.000000000,1753950998.000000000,50091628.000000000,0.000000000,1.000000000,50.091628000,,,
1753950998.884451,,,,,,,,,,,,,,,,,310.000000000,497184576.000000000,1753950998.000000000,506317495.000000000,1753950998.000000000,9132919.000000000,0.000000000,1.000000000,,,,,,,,,,,,9.132919000
1753950999.384013,311.000000000,997322262.000000000,1753950998.000000000,6606337.000000000,1753950999.000000000,9284075.000000000,0.000000000,1.000000000,,,,,,,,,,,,,,,,,,,,,,,,,,9.284075000,,
1753950999.885770,,,,,,,,,312.000000000,497244866.000000000,1753950999.000000000,507745127.000000000,1753950999.000000000,10500261.000000000,0.000000000,1.000000000,,,,,,,,,,,,,,,,,,,10.500261000,
1753951000.884030,313.000000000,497132687.000000000,1753951000.000000000,506483429.000000000,1753951000.000000000,9350742.000000000,0.000000000,1.000000000,,,,,,,,,,,,,,,,,,,,,,,,,,9.350742000,,
1753951001.427812,,,,,,,,,,,,,,,,,,,,,,,,,314.000000000,997315343.000000000,1753951000.000000000,49808705.000000000,1753951001.000000000,52493362.000000000,0.000000000,1.000000000,52.493362000,,,
1753951001.884763,,,,,,,,,,,,,,,,,315.000000000,497193030.000000000,1753951001.000000000,506611193.000000000,1753951001.000000000,9418163.000000000,0.000000000,1.000000000,,,,,,,,,,,,9.418163000
1753951002.387185,316.000000000,997351686.000000000,1753951001.000000000,8098966.000000000,1753951002.000000000,10747280.000000000,0.000000000,1.000000000,,,,,,,,,,,,,,,,,,,,,,,,,,10.747280000,,
1753951002.884120,,,,,,,,,317.000000000,497242918.000000000,1753951002.000000000,506068816.000000000,1753951002.000000000,8825898.000000000,0.000000000,1.000000000,,,,,,,,,,,,,,,,,,,8.825898000,
1753951003.884315,318.000000000,497339968.000000000,1753951003.000000000,506851126.000000000,1753951003.000000000,9511158.000000000,0.000000000,1.000000000,,,,,,,,,,,,,,,,,,,,,,,,,,9.511158000,,
1753951004.427773,,,,,,,,,,,,,,,,,,,,,,,,,319.000000000,997353804.000000000,1753951003.000000000,49694788.000000000,1753951004.000000000,52340984.000000000,0.000000000,1.000000000,52.340984000,,,
1753951004.885098,,,,,,,,,,,,,,,,,320.000000000,497310840.000000000,1753951004.000000000,507096780.000000000,1753951004.000000000,9785940.000000000,0.000000000,1.000000000,,,,,,,,,,,,9.785940000
1753951005.387833,321.000000000,997159729.000000000,1753951004.000000000,8707054.000000000,1753951005.000000000,11547325.000000000,0.000000000,1.000000000,,,,,,,,,,,,,,,,,,,,,,,,,,11.547325000,,
1753951005.885215,,,,,,,,,322.000000000,497403987.000000000,1753951005.000000000,507023843.000000000,1753951005.000000000,9619856.000000000,0.000000000,1.000000000,,,,,,,,,,,,,,,,,,,9.619856000,
1753951006.886070,323.000000000,497290378.000000000,1753951006.000000000,508189353.000000000,1753951006.000000000,10898975.000000000,0.000000000,1.000000000,,,,,,,,,,,,,,,,,,,,,,,,,,10.898975000,,
1753951007.426823,,,,,,,,,,,,,,,,,,,,,,,,,324.000000000,997347555.000000000,1753951006.000000000,47982296.000000000,1753951007.000000000,50634741.000000000,0.000000000,1.000000000,50.634741000,,,
1753951007.886694,,,,,,,,,,,,,,,,,325.000000000,497233844.000000000,1753951007.000000000,508489699.000000000,1753951007.000000000,11255855.000000000,0.000000000,1.000000000,,,,,,,,,,,,11.255855000
1753951008.384101,326.000000000,997338458.000000000,1753951007.000000000,6498548.000000000,1753951008.000000000,9160090.000000000,0.000000000,1.000000000,,,,,,,,,,,,,,,,,,,,,,,,,,9.160090000,,
1753951008.884372,,,,,,,,,327.000000000,497185959.000000000,1753951008.000000000,506283594.000000000,1753951008.000000000,9097635.000000000,0.000000000,1.000000000,,,,,,,,,,,,,,,,,,,9.097635000,
1753951009.884927,328.000000000,497293578.000000000,1753951009.000000000,507388716.000000000,1753951009.000000000,10095138.000000000,0.000000000,1.000000000,,,,,,,,,,,,,,,,,,,,,,,,,,10.095138000,,
1753951010.426460,,,,,,,,,,,,,,,,,,,,,,,,,329.000000000,997217937.000000000,1753951009.000000000,47670276.000000000,1753951010.000000000,50452339.000000000,0.000000000,1.000000000,50.452339000,,,
1753951010.884413,,,,,,,,,,,,,,,,,330.000000000,497392121.000000000,1753951010.000000000,506358251.000000000,1753951010.000000000,8966130.000000000,0.000000000,1.000000000,,,,,,,,,,,,8.966130000
1753951011.388132,331.000000000,997332431.000000000,1753951010.000000000,8933508.000000000,1753951011.000000000,11601077.000000000,0.000000000,1.000000000,,,,,,,,,,,,,,,,,,,,,,,,,,11.601077000,,
1753951011.884986,,,,,,,,,332.000000000,497350070.000000000,1753951011.000000000,506816180.000000000,1753951011.000000000,9466110.000000000,0.000000000,1.000000000,,,,,,,,,,,,,,,,,,,9.466110000,
1753951012.884878,333.000000000,497368789.000000000,1753951012.000000000,507407408.000000000,1753951012.000000000,10038619.000000000,0.000000000,1.000000000,,,,,,,,,,,,,,,,,,,,,,,,,,10.038619000,,
1753951013.426750,,,,,,,,,,,,,,,,,,,,,,,,,334.000000000,997316161.000000000,1753951012.000000000,47934802.000000000,1753951013.000000000,50618641.000000000,0.000000000,1.000000000,50.618641000,,,
1753951013.883916,,,,,,,,,,,,,,,,,335.000000000,497155397.000000000,1753951013.000000000,505771574.000000000,1753951013.000000000,8616177.000000000,0.000000000,1.000000000,,,,,,,,,,,,8.616177000
1753951014.385124,336.000000000,997304588.000000000,1753951013.000000000,7587484.000000000,1753951014.000000000,10282896.000000000,0.000000000,1.000000000,,,,,,,,,,,,,,,,,,,,,,,,,,10.282896000,,
1753951014.886024,,,,,,,,,337.000000000,497226374.000000000,1753951014.000000000,507963527.000000000,1753951014.000000000,10737153.000000000,0.000000000,1.000000000,,,,,,,,,,,,,,,,,,,10.737153000,
1753951015.886318,338.000000000,497327643.000000000,1753951015.000000000,508425737.000000000,1753951015.000000000,11098094.000000000,0.000000000,1.000000000,,,,,,,,,,,,,,,,,,,,,,,,,,11.098094000,,
1753951016.427439,,,,,,,,,,,,,,,,,,,,,,,,,339.000000000,997438588.000000000,1753951015.000000000,48621728.000000000,1753951016.000000000,51183140.000000000,0.000000000,1.000000000,51.183140000,,,
1753951016.885642,,,,,,,,,,,,,,,,,340.000000000,497319917.000000000,1753951016.000000000,507412973.000000000,1753951016.000000000,10093056.000000000,0.000000000,1.000000000,,,,,,,,,,,,10.093056000
1753951017.388024,341.000000000,997142429.000000000,1753951016.000000000,8235504.000000000,1753951017.000000000,11093075.000000000,0.000000000,1.000000000,,,,,,,,,,,,,,,,,,,,,,,,,,11.093075000,,
1753951017.884761,,,,,,,,,342.000000000,497343386.000000000,1753951017.000000000,506688376.000000000,1753951017.000000000,9344990.000000000,0.000000000,1.000000000,,,,,,,,,,,,,,,,,,,9.344990000,
1753951018.886338,343.000000000,497340309.000000000,1753951018.000000000,508430781.000000000,1753951018.000000000,11090472.000000000,0.000000000,1.000000000,,,,,,,,,,,,,,,,,,,,,,,,,,11.090472000,,
1753951019.426777,,,,,,,,,,,,,,,,,,,,,,,,,344.000000000,997316894.000000000,1753951018.000000000,47808910.000000000,1753951019.000000000,50492016.000000000,0.000000000,1.000000000,50.492016000,,,
1753951019.886709,,,,,,,,,,,,,,,,,345.000000000,497341623.000000000,1753951019.000000000,508229442.000000000,1753951019.000000000,10887819.000000000,0.000000000,1.000000000,,,,,,,,,,,,10.887819000
1753951020.385267,346.000000000,997431908.000000000,1753951019.000000000,7678843.000000000,1753951020.000000000,10246935.000000000,0.000000000,1.000000000,,,,,,,,,,,,,,,,,,,,,,,,,,10.246935000,,
1753951020.886486,,,,,,,,,347.000000000,497411671.000000000,1753951020.000000000,508304787.000000000,1753951020.000000000,10893116.000000000,0.000000000,1.000000000,,,,,,,,,,,,,,,,,,,10.893116000,
1753951021.886773,348.000000000,497301823.000000000,1753951021.000000000,508767999.000000000,1753951021.000000000,11466176.000000000,0.000000000,1.000000000,,,,,,,,,,,,,,,,,,,,,,,,,,11.466176000,,
1753951022.427109,,,,,,,,,,,,,,,,,,,,,,,,,349.000000000,997225790.000000000,1753951021.000000000,48254633.000000000,1753951022.000000000,51028843.000000000,0.000000000,1.000000000,51.028843000,,,
1753951022.885249,,,,,,,,,,,,,,,,,350.000000000,497307057.000000000,1753951022.000000000,506983357.000000000,1753951022.000000000,9676300.000000000,0.000000000,1.000000000,,,,,,,,,,,,9.676300000
1753951023.388881,351.000000000,997251013.000000000,1753951022.000000000,9519394.000000000,1753951023.000000000,12268381.000000000,0.000000000,1.000000000,,,,,,,,,,,,,,,,,,,,,,,,,,12.268381000,,
1753951023.885838,,,,,,,,,352.000000000,497228725.000000000,1753951023.000000000,507666866.000000000,1753951023.000000000,10438141.000000000,0.000000000,1.000000000,,,,,,,,,,,,,,,,,,,10.438141000,
1753951024.884825,353.000000000,497213679.000000000,1753951024.000000000,507285552.000000000,1753951024.000000000,10071873.000000000,0.000000000,1.000000000,,,,,,,,,,,,,,,,,,,,,,,,,,10.071873000,,
1753951025.426954,,,,,,,,,,,,,,,,,,,,,,,,,354.000000000,997209014.000000000,1753951024.000000000,48016769.000000000,1753951025.000000000,50807755.000000000,0.000000000,1.000000000,50.807755000,,,
1753951025.884628,,,,,,,,,,,,,,,,,355.000000000,497278763.000000000,1753951025.000000000,506404808.000000000,1753951025.000000000,9126045.000000000,0.000000000,1.000000000,,,,,,,,,,,,9.126045000
1753951026.384238,356.000000000,997380780.000000000,1753951025.000000000,6118441.000000000,1753951026.000000000,8737661.000000000,0.000000000,1.000000000,,,,,,,,,,,,,,,,,,,,,,,,,,8.737661000,,
1753951026.884580,,,,,,,,,357.000000000,497294712.000000000,1753951026.000000000,506473589.000000000,1753951026.000000000,9178877.000000000,0.000000000,1.000000000,,,,,,,,,,,,,,,,,,,9.178877000,
1753951027.886742,358.000000000,497355836.000000000,1753951027.000000000,508717206.000000000,1753951027.000000000,11361370.000000000,0.000000000,1.000000000,,,,,,,,,,,,,,,,,,,,,,,,,,11.361370000,,
1753951028.427269,,,,,,,,,,,,,,,,,,,,,,,,,359.000000000,997304111.000000000,1753951027.000000000,48333351.000000000,1753951028.000000000,51029240.000000000,0.000000000,1.000000000,51.029240000,,,
1753951028.885658,,,,,,,,,,,,,,,,,360.000000000,497263900.000000000,1753951028.000000000,507316456.000000000,1753951028.000000000,10052556.000000000,0.000000000,1.000000000,,,,,,,,,,,,10.052556000
1753951029.387968,361.000000000,997300127.000000000,1753951028.000000000,8811873.000000000,1753951029.000000000,11511746.000000000,0.000000000,1.000000000,,,,,,,,,,,,,,,,,,,,,,,,,,11.511746000,,
1753951029.887613,,,,,,,,,362.000000000,497256082.000000000,1753951029.000000000,509573607.000000000,1753951029.000000000,12317525.000000000,0.000000000,1.000000000,,,,,,,,,,,,,,,,,,,12.317525000,
1753951030.887385,363.000000000,497245354.000000000,1753951030.000000000,509145478.000000000,1753951030.000000000,11900124.000000000,0.000000000,1.000000000,,,,,,,,,,,,,,,,,,,,,,,,,,11.900124000,,
1753951031.428505,,,,,,,,,,,,,,,,,,,,,,,,,364.000000000,997173885.000000000,1753951030.000000000,46681573.000000000,1753951031.000000000,49507688.000000000,0.000000000,1.000000000,49.507688000,,,
1753951031.884934,,,,,,,,,,,,,,,,,365.000000000,497189644.000000000,1753951031.000000000,506707932.000000000,1753951031.000000000,9518288.000000000,0.000000000,1.000000000,,,,,,,,,,,,9.518288000
1753951032.384756,366.000000000,997188039.000000000,1753951031.000000000,7192577.000000000,1753951032.000000000,10004538.000000000,0.000000000,1.000000000,,,,,,,,,,,,,,,,,,,,,,,,,,10.004538000,,
1753951032.884437,,,,,,,,,367.000000000,497270150.000000000,1753951032.000000000,506247648.000000000,1753951032.000000000,8977498.000000000,0.000000000,1.000000000,,,,,,,,,,,,,,,,,,,8.977498000,
1753951033.888341,368.000000000,497286784.000000000,1753951033.000000000,510079269.000000000,1753951033.000000000,12792485.000000000,0.000000000,1.000000000,,,,,,,,,,,,,,,,,,,,,,,,,,12.792485000,,
1753951034.425521,,,,,,,,,,,,,,,,,,,,,,,,,369.000000000,997273836.000000000,1753951033.000000000,47341896.000000000,1753951034.000000000,50068060.000000000,0.000000000,1.000000000,50.068060000,,,
1753951034.885756,,,,,,,,,,,,,,,,,370.000000000,497173605.000000000,1753951034.000000000,507482427.000000000,1753951034.000000000,10308822.000000000,0.000000000,1.000000000,,,,,,,,,,,,10.308822000
1753951035.387949,371.000000000,997193596.000000000,1753951034.000000000,10405007.000000000,1753951035.000000000,13211411.000000000,0.000000000,1.000000000,,,,,,,,,,,,,,,,,,,,,,,,,,13.211411000,,
1753951035.883780,,,,,,,,,372.000000000,497190804.000000000,1753951035.000000000,505620572.000000000,1753951035.000000000,8429768.000000000,0.000000000,1.000000000,,,,,,,,,,,,,,,,,,,8.429768000,
1753951036.887671,373.000000000,497260197.000000000,1753951036.000000000,508672529.000000000,1753951036.000000000,11412332.000000000,0.000000000,1.000000000,,,,,,,,,,,,,,,,,,,,,,,,,,11.412332000,,
1753951037.424987,,,,,,,,,,,,,,,,,,,,,,,,,374.000000000,997154000.000000000,1753951036.000000000,46799360.000000000,1753951037.000000000,49645360.000000000,0.000000000,1.000000000,49.645360000,,,
1753951037.885316,,,,,,,,,,,,,,,,,375.000000000,497173976.000000000,1753951037.000000000,506994770.000000000,1753951037.000000000,9820794.000000000,0.000000000,1.000000000,,,,,,,,,,,,9.820794000
1753951038.384285,376.000000000,997244492.000000000,1753951037.000000000,6536241.000000000,1753951038.000000000,9291749.000000000,0.000000000,1.000000000,,,,,,,,,,,,,,,,,,,,,,,,,,9.291749000,,
1753951038.884306,,,,,,,,,377.000000000,497228453.000000000,1753951038.000000000,506100355.000000000,1753951038.000000000,8871902.000000000,0.000000000,1.000000000,,,,,,,,,,,,,,,,,,,8.871902000,
1753951039.885566,378.000000000,497179243.000000000,1753951039.000000000,507829950.000000000,1753951039.000000000,10650707.000000000,0.000000000,1.000000000,,,,,,,,,,,,,,,,,,,,,,,,,,10.650707000,,
1753951040.425658,,,,,,,,,,,,,,,,,,,,,,,,,379.000000000,997173916.000000000,1753951039.000000000,47364368.000000000,1753951040.000000000,50190452.000000000,0.000000000,1.000000000,50.190452000,,,
1753951040.886750,,,,,,,,,,,,,,,,,380.000000000,497188591.000000000,1753951040.000000000,508607817.000000000,1753951040.000000000,11419226.000000000,0.000000000,1.000000000,,,,,,,,,,,,11.419226000
1753951041.385437,381.000000000,997277552.000000000,1753951040.000000000,7842490.000000000,1753951041.000000000,10564938.000000000,0.000000000,1.000000000,,,,,,,,,,,,,,,,,,,,,,,,,,10.564938000,,
1753951041.884159,,,,,,,,,382.000000000,497197376.000000000,1753951041.000000000,505970603.000000000,1753951041.000000000,8773227.000000000,0.000000000,1.000000000,,,,,,,,,,,,,,,,,,,8.773227000,
1753951042.886855,383.000000000,497479010.000000000,1753951042.000000000,508469904.000000000,1753951042.000000000,10990894.000000000,0.000000000,1.000000000,,,,,,,,,,,,,,,,,,,,,,,,,,10.990894000,,
1753951043.427196,,,,,,,,,,,,,,,,,,,,,,,,,384.000000000,997318331.000000000,1753951042.000000000,48077568.000000000,1753951043.000000000,50759237.000000000,0.000000000,1.000000000,50.759237000,,,
1753951043.884160,,,,,,,,,,,,,,,,,385.000000000,497219618.000000000,1753951043.000000000,505925691.000000000,1753951043.000000000,8706073.000000000,0.000000000,1.000000000,,,,,,,,,,,,8.706073000
1753951044.388147,386.000000000,997312264.000000000,1753951043.000000000,9729037.000000000,1753951044.000000000,12416773.000000000,0.000000000,1.000000000,,,,,,,,,,,,,,,,,,,,,,,,,,12.416773000,,
1753951044.884405,,,,,,,,,387.000000000,497279371.000000000,1753951044.000000000,505983943.000000000,1753951044.000000000,8704572.000000000,0.000000000,1.000000000,,,,,,,,,,,,,,,,,,,8.704572000,
1753951045.885171,388.000000000,497292272.000000000,1753951045.000000000,507564513.000000000,1753951045.000000000,10272241.000000000,0.000000000,1.000000000,,,,,,,,,,,,,,,,,,,,,,,,,,10.272241000,,
1753951046.427390,,,,,,,,,,,,,,,,,,,,,,,,,389.000000000,997258374.000000000,1753951045.000000000,48344246.000000000,1753951046.000000000,51085872.000000000,0.000000000,1.000000000,51.085872000,,,
1753951046.884781,,,,,,,,,,,,,,,,,390.000000000,497205957.000000000,1753951046.000000000,506465698.000000000,1753951046.000000000,9259741.000000000,0.000000000,1.000000000,,,,,,,,,,,,9.259741000
1753951047.384999,391.000000000,997331372.000000000,1753951046.000000000,7401378.000000000,1753951047.000000000,10070006.000000000,0.000000000,1.000000000,,,,,,,,,,,,,,,,,,,,,,,,,,10.070006000,,
1753951047.884192,,,,,,,,,392.000000000,497097612.000000000,1753951047.000000000,505923398.000000000,1753951047.000000000,8825786.000000000,0.000000000,1.000000000,,,,,,,,,,,,,,,,,,,8.825786000,
1753951048.885981,393.000000000,497299943.000000000,1753951048.000000000,507386754.000000000,1753951048.000000000,10086811.000000000,0.000000000,1.000000000,,,,,,,,,,,,,,,,,,,,,,,,,,10.086811000,,
1753951049.425002,,,,,,,,,,,,,,,,,,,,,,,,,394.000000000,997316506.000000000,1753951048.000000000,46887872.000000000,1753951049.000000000,49571366.000000000,0.000000000,1.000000000,49.571366000,,,
1753951049.885792,,,,,,,,,,,,,,,,,395.000000000,497215325.000000000,1753951049.000000000,507391404.000000000,1753951049.000000000,10176079.000000000,0.000000000,1.000000000,,,,,,,,,,,,10.176079000
1753951050.384180,396.000000000,997227737.000000000,1753951049.000000000,5737358.000000000,1753951050.000000000,8509621.000000000,0.000000000,1.000000000,,,,,,,,,,,,,,,,,,,,,,,,,,8.509621000,,
1753951050.884128,,,,,,,,,397.000000000,497354375.000000000,1753951050.000000000,505848918.000000000,1753951050.000000000,8494543.000000000,0.000000000,1.000000000,,,,,,,,,,,,,,,,,,,8.494543000,
1753951051.884380,398.000000000,497246618.000000000,1753951051.000000000,505933880.000000000,1753951051.000000000,8687262.000000000,0.000000000,1.000000000,,,,,,,,,,,,,,,,,,,,,,,,,,8.687262000,,
1753951052.425516,,,,,,,,,,,,,,,,,,,,,,,,,399.000000000,997332732.000000000,1753951051.000000000,47328985.000000000,1753951052.000000000,49996253.000000000,0.000000000,1.000000000,49.996253000,,,
1753951052.885168,,,,,,,,,,,,,,,,,400.000000000,497323305.000000000,1753951052.000000000,507434248.000000000,1753951052.000000000,10110943.000000000,0.000000000,1.000000000,,,,,,,,,,,,10.110943000
1753951053.388342,401.000000000,997210964.000000000,1753951052.000000000,8346193.000000000,1753951053.000000000,11135229.000000000,0.000000000,1.000000000,,,,,,,,,,,,,,,,,,,,,,,,,,11.135229000,,
1753951053.884446,,,,,,,,,402.000000000,497338218.000000000,1753951053.000000000,506206866.000000000,1753951053.000000000,8868648.000000000,0.000000000,1.000000000,,,,,,,,,,,,,,,,,,,8.868648000,
1753951054.885821,403.000000000,497290382.000000000,1753951054.000000000,508110825.000000000,1753951054.000000000,10820443.000000000,0.000000000,1.000000000,,,,,,,,,,,,,,,,,,,,,,,,,,10.820443000,,
1753951055.425338,,,,,,,,,,,,,,,,,,,,,,,,,404.000000000,997127799.000000000,1753951054.000000000,47131187.000000000,1753951055.000000000,50003388.000000000,0.000000000,1.000000000,50.003388000,,,
1753951055.883964,,,,,,,,,,,,,,,,,405.000000000,497090277.000000000,1753951055.000000000,505646348.000000000,1753951055.000000000,8556071.000000000,0.000000000,1.000000000,,,,,,,,,,,,8.556071000
1753951056.388294,406.000000000,997290807.000000000,1753951055.000000000,8429978.000000000,1753951056.000000000,11139171.000000000,0.000000000,1.000000000,,,,,,,,,,,,,,,,,,,,,,,,,,11.139171000,,
1753951056.888025,,,,,,,,,407.000000000,497449229.000000000,1753951056.000000000,509624620.000000000,1753951056.000000000,12175391.000000000,0.000000000,1.000000000,,,,,,,,,,,,,,,,,,,12.175391000,
1753951057.888798,408.000000000,497229016.000000000,1753951057.000000000,510368775.000000000,1753951057.000000000,13139759.000000000,0.000000000,1.000000000,,,,,,,,,,,,,,,,,,,,,,,,,,13.139759000,,
1753951058.425403,,,,,,,,,,,,,,,,,,,,,,,,,409.000000000,997186449.000000000,1753951057.000000000,47176425.000000000,1753951058.000000000,49989976.000000000,0.000000000,1.000000000,49.989976000,,,
1753951058.884935,,,,,,,,,,,,,,,,,410.000000000,497249056.000000000,1753951058.000000000,506549138.000000000,1753951058.000000000,9300082.000000000,0.000000000,1.000000000,,,,,,,,,,,,9.300082000
1753951059.385509,411.000000000,997177336.000000000,1753951058.000000000,7033841.000000000,1753951059.000000000,9856505.000000000,0.000000000,1.000000000,,,,,,,,,,,,,,,,,,,,,,,,,,9.856505000,,
1753951059.884069,,,,,,,,,412.000000000,497117288.000000000,1753951059.000000000,505809881.000000000,1753951059.000000000,8692593.000000000,0.000000000,1.000000000,,,,,,,,,,,,,,,,,,,8.692593000,
1753951060.888639,413.000000000,497245866.000000000,1753951060.000000000,510670219.000000000,1753951060.000000000,13424353.000000000,0.000000000,1.000000000,,,,,,,,,,,,,,,,,,,,,,,,,,13.424353000,,
1753951061.427558,,,,,,,,,,,,,,,,,,,,,,,,,414.000000000,997277667.000000000,1753951060.000000000,48669885.000000000,1753951061.000000000,51392218.000000000,0.000000000,1.000000000,51.392218000,,,
1753951061.884504,,,,,,,,,,,,,,,,,415.000000000,497345565.000000000,1753951061.000000000,506131088.000000000,1753951061.000000000,8785523.000000000,0.000000000,1.000000000,,,,,,,,,,,,8.785523000
1753951062.385832,416.000000000,997281547.000000000,1753951061.000000000,7595065.000000000,1753951062.000000000,10313518.000000000,0.000000000,1.000000000,,,,,,,,,,,,,,,,,,,,,,,,,,10.313518000,,
